{
  "train_losses": [
    0.7808540736635526,
    0.12774840372159532,
    0.06540498219974782,
    0.05281905789506626,
    0.04437459762724857,
    0.024223533165045764,
    0.02403344735266645,
    0.01984328865490909,
    0.04608331513899425,
    0.020075305671612923,
    0.007365597393185636,
    0.014590523099116386,
    0.021906521957400615,
    0.01654579757826273,
    0.012860596437644018,
    0.011083283049691538,
    0.011203175245407601,
    0.016981192241602504,
    0.017343009630038476
  ],
  "val_losses": [
    0.045285530299657865,
    0.004238287849898731,
    0.008598473802622821,
    0.0006321624368577013,
    0.001010561861293686,
    0.000943411397793892,
    0.00035879273144971756,
    0.000599087766161011,
    0.0003953468269808957,
    0.00013898956609727253,
    0.00010614193397775543,
    0.0005775973830688079,
    0.0001114993120565833,
    8.044075458735553e-05,
    0.00026456783096017757,
    3.832867370210662e-05,
    3.734686054355864e-05,
    4.562500194763757e-05,
    2.184723739952056e-05
  ],
  "train_accuracies": [
    68.01428571428572,
    95.71428571428571,
    97.95714285714286,
    98.24285714285715,
    98.6,
    99.22857142857143,
    99.28571428571429,
    99.37142857142857,
    98.5,
    99.42857142857143,
    99.78571428571429,
    99.42857142857143,
    99.2,
    99.42857142857143,
    99.64285714285714,
    99.67142857142858,
    99.68571428571428,
    99.5,
    99.35714285714286
  ],
  "val_accuracies": [
    99.95,
    100.0,
    100.0,
    100.0,
    100.0,
    100.0,
    100.0,
    100.0,
    100.0,
    100.0,
    100.0,
    100.0,
    100.0,
    100.0,
    100.0,
    100.0,
    100.0,
    100.0,
    100.0
  ],
  "config": {
    "batch_size": 32,
    "learning_rate": 0.001,
    "num_epochs": 100,
    "patience": 15,
    "min_delta": 0.001,
    "weight_decay": 0.0001,
    "step_size": 30,
    "gamma": 0.1
  },
  "class_to_idx": {
    "alert": 0,
    "drowsy": 1,
    "normal_driving": 2,
    "phone_usage": 3,
    "seatbelt_off": 4
  }
}